move_id,name,ref,payment_reference,company_id,sii_state,src_state,aeat_send_error
623,C/2021/0002,C2,C/2021/0002,1,not_sent,not_sent,
2591,C/2021/0007,C7,C/2021/0007,1,sent,sent,
11629,A/2023/0007,A07 A B007,A/2023/0007,1,not_sent,not_sent,
13853,A/2023/0009,,A/2023/0009,1,not_sent,not_sent,
17184,T/2024/0001,,T/2024/0001,1,sent,sent,
13257,C/2023/0010,,C/2023/0010,1,sent,sent,
11622,A/2023/0006,A06 A B006,A/2023/0006,1,not_sent,not_sent,"1329 | Cuando el tipo de factura es F2, la suma de las bases imponi"
3893,C/2022/0003,C3,C/2022/0003,1,sent,sent,
9041,C/2022/0007,C7,C/2022/0007,1,sent,sent,
13854,A/2023/0010,,A/2023/0010,1,not_sent,not_sent,
10619,C/2023/0001,C1,C/2023/0001,1,sent,sent,
20489,C/2024/0015,,C/2024/0015,1,sent,sent,
20488,J/2024/0035,,J/2024/0035,1,sent,sent,
10370,T/2023/0002,T2,T/2023/0002,1,sent,sent,
15292,C/2023/0017,,C/2023/0017,1,sent,sent,
15290,J/2023/0034,,J/2023/0034,1,sent,sent,
16598,C/2024/0001,,C/2024/0001,1,sent,sent,
9508,J/2023/0003,J3,J/2023/0003,1,sent,sent,
7733,J/2022/0012,J12,J/2022/0012,1,sent,sent,
9123,A/2022/0017,A17 A B017,A/2022/0017,1,not_sent,not_sent,
15106,J/2023/0029,,J/2023/0029,1,sent,sent,
15105,J/2023/0028,,J/2023/0028,1,sent,sent,
9102,C/2022/0008,C8,C/2022/0008,1,sent,sent,
3020,A/2021/0016,A11 A B011,A/2021/0011,1,not_sent,not_sent,
794,A/2021/0021,A05 A B005,A/2021/0005,1,not_sent,not_sent,
3419,A/2021/0025,A13 A B013,A/2021/0025,1,not_sent,not_sent,
792,A/2021/0019,A03 A B003,A/2021/0003,1,not_sent,not_sent,
3865,A/2021/0026,A14 A B014,A/2021/0026,1,not_sent,not_sent,
8239,A/2022/0008,A08 A B008,A/2022/0008,1,not_sent,not_sent,"1329 | Cuando el tipo de factura es F2, la suma de las bases imponi"
621,A/2021/0018,A02 a B002,A/2021/0002,1,not_sent,not_sent,
3867,A/2021/0027,A15 A B015,A/2021/0027,1,not_sent,not_sent,
13718,J/2023/0020,,J/2023/0020,1,sent_modified,sent_modified,
21772,J/2024/0045,,J/2024/0045,1,sent,sent,
19523,C/2024/0009,,C/2024/0009,1,sent,sent,
15827,T/2023/0014,,T/2023/0014,1,sent,sent,
20132,A/2024/0007,,A/2024/0007,1,not_sent,not_sent,"1329 | Cuando el tipo de factura es F2, la suma de las bases imponi"
15828,J/2023/0036,,J/2023/0036,1,sent,sent,
13919,J/2023/0021,,J/2023/0021,1,sent,sent,
19221,J/2024/0021,,J/2024/0021,1,sent,sent,
12257,C/2023/0006,,C/2023/0006,1,sent,sent,
15847,C/2023/0018,,C/2023/0018,1,sent,sent,
14618,A/2023/0012,,A/3111/0003,1,not_sent,not_sent,
22075,A/2024/0018,,A/2024/0018,1,not_sent,not_sent,
9090,J/2022/0026,J26,J/2022/0026,1,sent,sent,
19289,J/2024/0027,,J/2024/0027,1,sent,sent,
20184,J/2024/0032,,J/2024/0032,1,sent,sent,
20460,J/2024/0033,,J/2024/0033,1,sent,sent,
15120,C/2023/0016,,C/2023/0016,1,sent,sent,
3043,J/2021/0019,J19,J/2021/0019,1,sent,sent,
9125,A/2022/0019,A19 A B019,A/2022/0019,1,not_sent,not_sent,
16574,J/2024/0008,,J/2024/0008,1,sent,sent,
13254,C/2023/0009,,C/2023/0009,1,sent,sent,
22763,C/2025/0003,,C/2025/0003,1,sent,sent,
8885,A/2022/0011,A11 A B011,A/2022/0011,1,not_sent,not_sent,
15900,T/2023/0015,,T/2023/0015,1,sent,sent,
21229,J/2024/0039,,J/2024/0039,1,sent,sent,
799,C/2021/0006,C6,C/2021/0006,1,not_sent,not_sent,
3886,C/2022/0002,C2,C/2022/0002,1,sent,sent,
15006,J/2023/0027,,J/2023/0027,1,sent,sent,
11592,C/2023/0003,C3,C/2023/0003,1,sent,sent,
19102,J/2024/0013,,J/2024/0013,1,sent,sent,
14686,J/2023/0024,,J/2023/0024,1,sent,sent,
11426,J/2023/0006,J6,J/2023/0006,1,sent,sent,
13918,C/2023/0014,,C/2023/0014,1,sent,sent,
16404,J/2024/0005,,J/2024/0005,1,sent,sent,
21556,A/2024/0015,,A/2024/0015,1,not_sent,not_sent,
12366,J/2023/0012,,J/2023/0012,1,sent,sent,
10629,J/2023/0004,J4,J/2023/0004,1,sent,sent,
12263,T/2023/0008,,T/2023/0008,1,sent,sent,
15209,A/2023/0017,,A/3111/0008,1,not_sent,not_sent,
15207,A/2023/0015,,A/3111/0006,1,not_sent,not_sent,
12273,J/2023/0009,,J/2023/0009,1,sent,sent,
13289,J/2023/0015,,J/2023/0015,1,sent,sent,
13664,J/2023/0019,,J/2023/0019,1,sent,sent,
19905,J/2024/0030,,J/2024/0030,1,sent,sent,
9217,A/2022/0020,A20 A B020,A/2022/0020,1,not_sent,not_sent,
15107,J/2023/0030,,J/2023/0030,1,sent,sent,
12259,J/2023/0008,,J/2023/0008,1,sent,sent,
13255,J/2023/0013,,J/2023/0013,1,sent,sent,
13256,J/2023/0014,,J/2023/0014,1,sent,sent,
14685,J/2023/0023,,J/2023/0023,1,sent,sent,
15289,J/2023/0033,,J/2023/0033,1,sent,sent,
15108,J/2023/0031,,J/2023/0031,1,sent,sent,
11679,T/2023/0005,T5,T/2023/0005,1,sent,sent,
14706,J/2023/0025,,J/2023/0025,1,sent,sent,
15850,J/2023/0037,,J/2023/0037,1,sent,sent,
18777,C/2024/0005,,C/2024/0005,1,sent,sent,
23367,T/2025/0001,,T/2025/0001,1,sent,sent,
18210,C/2024/0003,,C/2024/0003,1,sent_modified,sent_modified,
6414,A/2022/0023,A04 A B004,A/2022/0004,1,not_sent,not_sent,"1329 | Cuando el tipo de factura es F2, la suma de las bases imponi"
14940,T/2023/0013,,T/2023/0013,1,sent,sent,
14549,T/2023/0011,,T/2023/0011,1,sent,sent,
14939,T/2023/0012,,T/2023/0012,1,sent,sent,
651,J/2021/0005,J5,J/2021/0004,1,not_sent,not_sent,
7734,J/2022/0013,J13,J/2022/0013,1,sent,sent,
12365,J/2023/0011,,J/2023/0011,1,sent,sent,
11354,T/2023/0003,T3,T/2023/0003,1,sent,sent,
13663,J/2023/0018,,J/2023/0018,1,sent,sent,
13908,C/2023/0013,,C/2023/0013,1,sent,sent,
620,A/2021/0013,A01 A B001,A/2021/0001,1,not_sent,not_sent,
795,A/2021/0022,A06 A B006,A/2021/0006,1,not_sent,not_sent,
19203,J/2024/0019,,J/2024/0019,1,sent,sent,
798,C/2021/0005,C5,C/2021/0005,1,not_sent,not_sent,
22533,C/2025/0001,,C/2025/0001,1,sent,sent,
801,J/2021/0009,J9,J/2021/0008,1,not_sent,not_sent,
19489,C/2024/0007,,C/2024/0007,1,sent,sent,
12291,T/2023/0009,,T/2023/0009,1,sent,sent,
11474,T/2023/0004,T4,T/2023/0004,1,sent,sent,
3239,C/2021/0008,C8,C/2021/0008,1,not_sent,not_sent,
8917,J/2022/0022,J22,J/2022/0022,1,sent,sent,
20215,C/2024/0014,,C/2024/0014,1,sent,sent,
20930,T/2024/0005,,T/2024/0005,1,sent,sent,
624,C/2021/0003,C3,C/2021/0003,1,not_sent,not_sent,
622,C/2021/0001,C1,C/2021/0001,1,not_sent,not_sent,
625,C/2021/0004,C4,C/2021/0004,1,not_sent,not_sent,
648,J/2021/0001,J1,J/2021/0001,1,not_sent,not_sent,
649,J/2021/0002,J2,J/2021/0002,1,not_sent,not_sent,
650,J/2021/0004,J4,J/2021/0003,1,not_sent,not_sent,
653,J/2021/0006,J6,J/2021/0005,1,not_sent,not_sent,
654,J/2021/0007,J7,J/2021/0006,1,not_sent,not_sent,
655,J/2021/0008,J8,J/2021/0007,1,not_sent,not_sent,
656,T/2021/0001,T1,T/2021/0001,1,not_sent,not_sent,
657,T/2021/0002,T2,T/2021/0002,1,not_sent,not_sent,
658,T/2021/0003,T3,T/2021/0003,1,not_sent,not_sent,
659,T/2021/0004,T4,T/2021/0004,1,not_sent,not_sent,
660,T/2021/0005,T5,T/2021/0005,1,not_sent,not_sent,
797,A/2021/0024,A08 A B008,A/2021/0008,1,not_sent,not_sent,
793,A/2021/0020,A04 A B004,A/2021/0004,1,not_sent,not_sent,
804,J/2021/0012,J12,J/2021/0011,1,not_sent,not_sent,
805,J/2021/0013,J13,J/2021/0012,1,not_sent,not_sent,
806,T/2021/0006,T6,T/2021/0006,1,not_sent,not_sent,
807,T/2021/0007,T7,T/2021/0007,1,not_sent,not_sent,
808,J/2021/0003,J3,J/2021/0013,1,not_sent,not_sent,
810,J/2021/0015,J15,J/2021/0015,1,sent,sent,
23100,J/2025/0009,,J/2025/0009,1,sent,sent,
8240,A/2022/0009,A09 A B009,A/2022/0009,1,not_sent,not_sent,
16082,A/2023/0019,,A/3111/0010,1,not_sent,not_sent,
2335,J/2021/0016,J16,J/2021/0016,1,sent,sent,
13948,J/2023/0022,,J/2023/0022,1,sent,sent,
21485,J/2024/0044,,J/2024/0044,1,sent,sent,
2888,J/2021/0018,J18,J/2021/0018,1,sent,sent,
23865,C/2025/0006,,C/2025/0006,1,not_sent,not_sent,
3018,A/2021/0014,A09 A B009,A/2021/0009,1,not_sent,not_sent,"1329 | Cuando el tipo de factura es F2, la suma de las bases imponi"
3019,A/2021/0015,A10 A B010,A/2021/0010,1,not_sent,not_sent,"1329 | Cuando el tipo de factura es F2, la suma de las bases imponi"
3021,A/2021/0017,A12 A B012,A/2021/0017,1,not_sent,not_sent,
3044,T/2021/0008,T8,T/2021/0008,1,sent,sent,
21241,J/2024/0040,,J/2024/0040,1,sent,sent,
21069,J/2024/0038,,J/2024/0038,1,sent,sent,
3550,T/2022/0001,T1,T/2021/0009,1,sent,sent,
3696,C/2022/0001,C1,C/2022/0001,1,sent,sent,
3697,J/2022/0001,J1,J/2022/0001,1,sent,sent,
3876,J/2022/0002,J2,J/2022/0002,1,sent,sent,
3877,J/2022/0003,J3,J/2022/0003,1,sent,sent,
3883,J/2022/0004,J4,J/2022/0004,1,sent,sent,
22146,J/2025/0004,,J/2025/0004,1,sent,sent,
3894,T/2022/0002,T2,T/2022/0002,1,sent,sent,
3895,T/2022/0003,T3,T/2022/0003,1,sent,sent,
11360,A/2023/0002,A02 a B002,A/2023/0002,1,not_sent,not_sent,
3928,J/2022/0005,J5,J/2022/0005,1,sent,sent,
23133,A/2025/0002,,A/2025/0002,1,not_sent,not_sent,
4099,T/2022/0004,T4,T/2022/0004,1,sent,sent,
8886,A/2022/0012,A12 A B012,A/2022/0012,1,not_sent,not_sent,
4273,A/2022/0001,A01 a B001,A/2022/0001,1,not_sent,not_sent,
4274,A/2022/0002,A02 a B002,A/2022/0002,1,not_sent,not_sent,
8890,A/2022/0014,A14 A B014,A/2022/0014,1,not_sent,not_sent,
4275,A/2022/0003,A03 A B003,A/2022/0003,1,not_sent,not_sent,
11684,T/2023/0007,T7,T/2023/0007,1,sent,sent,
9122,A/2022/0016,A16 A B016,A/2022/0016,1,not_sent,not_sent,
9121,A/2022/0015,A15 A B015,A/2022/0015,1,not_sent,not_sent,
9124,A/2022/0018,A18 A B018,A/2022/0018,1,not_sent,not_sent,
6419,A/2022/0006,A06 A B006,A/2022/0006,1,not_sent,not_sent,
6420,A/2022/0007,A07 A B007,A/2022/0007,1,not_sent,not_sent,
9218,A/2022/0021,A21 A B021,A/2022/0021,1,not_sent,not_sent,
6521,T/2022/0005,T5,T/2022/0005,1,sent,sent,
6654,T/2022/0006,T6,T/2022/0006,1,sent,sent,
6676,T/2022/0007,T7,T/2022/0007,1,sent,sent,
6418,A/2022/0005,A05 A B005,A/2022/0005,1,not_sent,not_sent,
809,J/2021/0014,J14,J/2021/0014,1,sent,sent,
6677,T/2022/0008,T8,T/2022/0008,1,sent,sent,
6733,T/2022/0009,T9,T/2022/0009,1,sent,sent,
6735,J/2022/0006,J6,J/2022/0006,1,sent,sent,
6736,J/2022/0007,J7,J/2022/0007,1,sent,sent,
6750,J/2022/0008,J8,J/2022/0008,1,sent,sent,
6751,T/2022/0010,T10,T/2022/0010,1,sent,sent,
6845,T/2022/0011,T11,T/2022/0011,1,sent,sent,
6846,T/2022/0012,T12,T/2022/0012,1,sent,sent,
13258,C/2023/0011,,C/2023/0011,1,sent,sent,
7689,C/2022/0004,C4,C/2022/0004,1,sent,sent,
7726,C/2022/0006,C6,C/2022/0006,1,sent,sent,
7731,J/2022/0010,J10,J/2022/0010,1,sent,sent,
7732,J/2022/0011,J11,J/2022/0011,1,sent,sent,
7729,J/2022/0009,J9,J/2022/0009,1,sent,sent,
7746,J/2022/0015,J15,J/2022/0015,1,sent,sent,
7772,J/2022/0016,J16,J/2022/0016,1,sent,sent,
7782,J/2022/0017,J17,J/2022/0017,1,sent,sent,
8252,T/2022/0013,T13,T/2022/0013,1,sent,sent,
13330,J/2023/0016,,J/2023/0016,1,sent,sent,
13253,T/2023/0010,,T/2023/0010,1,sent,sent,
8292,J/2022/0019,J19,J/2022/0019,1,sent,sent,
8305,J/2022/0020,J20,J/2022/0020,1,sent,sent,
8489,T/2022/0014,T14,T/2022/0014,1,sent,sent,
8877,J/2022/0021,J21,J/2022/0021,1,sent,sent,
8887,A/2022/0013,A13 A B013,A/2022/0013,1,not_sent,not_sent,
8930,T/2022/0015,T15,T/2022/0015,1,sent,sent,
8955,J/2022/0023,J23,J/2022/0023,1,sent,sent,
9015,J/2022/0024,J24,J/2022/0024,1,sent,sent,
9016,J/2022/0025,J25,J/2022/0025,1,sent,sent,
802,J/2021/0010,J10,J/2021/0009,1,not_sent,not_sent,
13331,C/2023/0012,,C/2023/0012,1,sent,sent,
11362,A/2023/0004,A04 A B004,A/2023/0004,1,not_sent,not_sent,
11363,A/2023/0005,A05 A B005,A/2023/0005,1,not_sent,not_sent,
11361,A/2023/0003,A03 A B003,A/2023/0003,1,not_sent,not_sent,
9140,T/2022/0016,T16,T/2022/0016,1,sent,sent,
796,A/2021/0023,A07 A B007,A/2021/0007,1,not_sent,not_sent,
803,J/2021/0011,J11,J/2021/0010,1,not_sent,not_sent,
11359,A/2023/0001,A01 a B001,A/2023/0001,1,not_sent,not_sent,
8241,A/2022/0010,A10 A B010,A/2022/0010,1,not_sent,not_sent,
8249,J/2022/0018,J18,J/2022/0018,1,sent,sent,
9168,J/2022/0027,J27,J/2022/0027,1,sent,sent,
9175,J/2022/0028,J28,J/2022/0028,1,sent,sent,
9219,A/2022/0022,A22 A B022,A/2022/0022,1,not_sent,not_sent,
9224,J/2023/0001,J1,J/2023/0001,1,sent,sent,
12312,C/2023/0007,,C/2023/0007,1,sent,sent,
9262,T/2023/0001,T1,T/2022/0017,1,sent,sent,
9505,J/2023/0002,J2,J/2023/0002,1,sent,sent,
11680,T/2023/0006,T6,T/2023/0006,1,sent,sent,
11593,C/2023/0004,C4,C/2023/0004,1,sent,sent,
16062,J/2024/0001,,J/2024/0001,1,sent,sent,
16189,J/2024/0002,,J/2024/0002,1,sent,sent,
16238,J/2024/0003,,J/2024/0003,1,sent,sent,
16408,J/2024/0006,,J/2024/0006,1,sent,sent,
19490,C/2024/0008,,C/2024/0008,1,sent,sent,
11370,C/2023/0002,C2,C/2023/0002,1,sent,sent,
11269,J/2023/0005,J5,J/2023/0005,1,sent,sent,
17340,J/2024/0009,,J/2024/0009,1,sent,sent,
12321,C/2023/0008,,C/2023/0008,1,sent,sent,
13852,A/2023/0008,,A/2023/0008,1,not_sent,not_sent,"1329 | Cuando el tipo de factura es F2, la suma de las bases imponi"
14617,A/2023/0011,,A/2023/0011,1,not_sent,not_sent,"1329 | Cuando el tipo de factura es F2, la suma de las bases imponi"
19600,J/2024/0029,,J/2024/0029,1,sent,sent,
7735,J/2022/0014,J14,J/2022/0014,1,sent,sent,
14620,A/2023/0013,,A/3111/0004,1,not_sent,not_sent,
16084,A/2023/0021,,A/3111/0012,1,not_sent,not_sent,
15206,A/2023/0014,,A/3111/0005,1,not_sent,not_sent,"1329 | Cuando el tipo de factura es F2, la suma de las bases imponi"
19939,J/2024/0031,,J/2024/0031,1,sent,sent,
2847,J/2021/0017,J17,J/2021/0017,1,sent,sent,
12364,J/2023/0010,,J/2023/0010,1,sent,sent,
14997,J/2023/0026,,J/2023/0026,1,sent,sent,
16083,A/2023/0020,,A/3111/0011,1,not_sent,not_sent,
23834,C/2025/0005,,C/2025/0005,1,sent,sent,
19938,C/2024/0012,,C/2024/0012,1,sent,sent,
18199,J/2024/0010,,J/2024/0010,1,sent,sent,
15208,A/2023/0016,,A/3111/0007,1,not_sent,not_sent,
16081,A/2023/0018,,A/3111/0009,1,not_sent,not_sent,
19199,J/2024/0016,,J/2024/0016,1,sent,sent,
7703,C/2022/0005,C5,C/2022/0005,1,sent,sent,
22044,J/2025/0003,,J/2025/0003,1,sent,sent,
22043,J/2025/0002,,J/2025/0002,1,sent,sent,
22042,J/2025/0001,,J/2025/0001,1,sent,sent,
22758,C/2025/0002,,C/2025/0002,1,sent,sent,
21889,C/2024/0017,,C/2024/0017,1,sent,sent,
20932,T/2024/0007,,T/2024/0007,1,sent,sent,
24225,J/2025/0016,,J/2025/0016,1,sent,sent,
11683,J/2023/0007,J7,J/2023/0007,1,sent,sent,
14547,C/2023/0015,,C/2023/0015,1,sent,sent,
20626,C/2024/0016,,C/2024/0016,1,sent,sent,
21034,J/2024/0037,,J/2024/0037,1,sent,sent,
24000,T/2025/0004,,T/2025/0004,1,sent,sent,
20931,T/2024/0006,,T/2024/0006,1,sent,sent,
24214,J/2025/0014,,J/2025/0014,1,sent,sent,
23791,J/2025/0013,,J/2025/0013,1,sent,sent,
13613,J/2023/0017,,J/2023/0017,1,sent,sent,
24224,J/2025/0015,,J/2025/0015,1,sent,sent,
23835,T/2025/0002,,T/2025/0002,1,sent,sent,
18447,C/2024/0004,,C/2024/0004,1,sent,sent,
23535,A/2025/0003,,A/2025/0003,1,not_sent,not_sent,
17388,A/2024/0002,,A/3111/0014,1,not_sent,not_sent,
24327,/,,,1,not_sent,not_sent,
18735,T/2024/0003,,T/2024/0003,1,sent,sent,
24486,J/2025/0018,,J/2025/0018,1,sent,sent,
24273,J/2025/0017,,J/2025/0017,1,sent,sent,
23314,J/2025/0011,,J/2025/0011,1,sent,sent,
23368,J/2025/0012,,J/2025/0012,1,sent,sent,
23536,A/2025/0004,,A/2025/0004,1,not_sent,not_sent,
20134,A/2024/0009,,A/2024/0009,1,not_sent,not_sent,
17387,A/2024/0001,,A/3111/0013,1,not_sent,not_sent,
22529,J/2025/0006,,J/2025/0006,1,sent,sent,
17390,A/2024/0004,,A/3111/0016,1,not_sent,not_sent,
17391,A/2024/0005,,A/3111/0017,1,not_sent,not_sent,
17389,A/2024/0003,,A/3111/0015,1,not_sent,not_sent,
17392,A/2024/0006,,A/3111/0018,1,not_sent,not_sent,
21040,A/2024/0011,,A/2024/0011,1,not_sent,not_sent,
21554,A/2024/0013,,A/2024/0013,1,not_sent,not_sent,
21041,A/2024/0012,,A/2024/0012,1,not_sent,not_sent,
19278,C/2024/0006,,C/2024/0006,1,sent,sent,
22054,A/2024/0016,,A/2024/0016,1,not_sent,not_sent,
21555,A/2024/0014,,A/2024/0014,1,not_sent,not_sent,
21035,A/2024/0010,,A/2024/0010,1,not_sent,not_sent,
22055,A/2024/0017,,A/2024/0017,1,not_sent,not_sent,
20133,A/2024/0008,,A/2024/0008,1,not_sent,not_sent,"1329 | Cuando el tipo de factura es F2, la suma de las bases imponi"
15189,J/2023/0032,,J/2023/0032,1,sent,sent,
24001,T/2025/0005,,T/2025/0005,1,sent,sent,
25451,T/2025/0009,,T/2025/0009,1,not_sent,not_sent,
23099,C/2025/0004,,C/2025/0004,1,sent,sent,
19988,C/2024/0013,,C/2024/0013,1,sent,sent,
17472,T/2024/0002,,T/2024/0002,1,sent,sent,
21773,J/2024/0046,,J/2024/0046,1,sent,sent,
21288,J/2024/0042,,J/2024/0042,1,sent,sent,
19598,J/2024/0028,,J/2024/0028,1,sent,sent,
21484,J/2024/0043,,J/2024/0043,1,sent,sent,
21287,J/2024/0041,,J/2024/0041,1,sent,sent,
20929,J/2024/0036,,J/2024/0036,1,sent,sent,
19462,T/2024/0004,,T/2024/0004,1,sent,sent,
16464,J/2024/0007,,J/2024/0007,1,sent,sent,
25134,C/2025/0012,,C/2025/0012,1,sent,sent,
11611,C/2023/0005,C5,C/2023/0005,1,sent_modified,sent_modified,
22173,J/2025/0005,,J/2025/0005,1,sent,sent,
22530,J/2025/0007,,J/2025/0007,1,sent,sent,
23101,J/2025/0010,,J/2025/0010,1,sent,sent,
23132,A/2025/0001,,A/2025/0001,1,not_sent,not_sent,
23098,J/2025/0008,,J/2025/0008,1,sent,sent,
19277,J/2024/0026,,J/2024/0026,1,sent,sent,
19274,J/2024/0023,,J/2024/0023,1,sent,sent,
18904,J/2024/0011,,J/2024/0011,1,sent,sent,
19202,J/2024/0018,,J/2024/0018,1,sent,sent,
19128,J/2024/0014,,J/2024/0014,1,sent,sent,
23539,A/2025/0007,,A/2025/0007,1,not_sent,not_sent,
19201,J/2024/0017,,J/2024/0017,1,sent,sent,
19275,J/2024/0024,,J/2024/0024,1,sent,sent,
19185,J/2024/0015,,J/2024/0015,1,sent,sent,
19089,J/2024/0012,,J/2024/0012,1,sent,sent,
23538,A/2025/0006,,A/2025/0006,1,not_sent,not_sent,
19273,J/2024/0022,,J/2024/0022,1,sent,sent,
23537,A/2025/0005,,A/2025/0005,1,not_sent,not_sent,
19276,J/2024/0025,,J/2024/0025,1,sent,sent,
25143,T/2025/0008,,T/2025/0008,1,sent,sent,
25163,J/2025/0028,,J/2025/0028,1,sent,sent,
19220,J/2024/0020,,J/2024/0020,1,sent,sent,
20467,J/2024/0034,,J/2024/0034,1,sent,sent,
17306,C/2024/0002,,C/2024/0002,1,sent,sent,
24832,J/2025/0022,,J/2025/0022,1,sent,sent,
24833,J/2025/0023,,J/2025/0023,1,sent,sent,
19601,C/2024/0010,,C/2024/0010,1,sent,sent,
23998,T/2025/0003,,T/2025/0003,1,sent,sent,
25074,J/2025/0027,,J/2025/0027,1,sent,sent,
25062,J/2025/0026,,J/2025/0026,1,sent,sent,
25057,J/2025/0025,,J/2025/0025,1,sent,sent,
25055,T/2025/0007,,T/2025/0007,1,sent,sent,
24242,C/2025/0007,,C/2025/0007,1,sent,sent,
24918,C/2025/0010,,C/2025/0010,1,sent,sent,
15355,J/2023/0035,,J/2023/0035,1,sent,sent,
24820,J/2025/0021,,J/2025/0021,1,sent,sent,
24559,J/2025/0019,,J/2025/0019,1,sent,sent,
16345,J/2024/0004,,J/2024/0004,1,sent,sent,
24894,C/2025/0009,,C/2025/0009,1,sent,sent,
24746,J/2025/0020,,J/2025/0020,1,sent,sent,
24845,J/2025/0024,,J/2025/0024,1,sent,sent,
25459,J/2025/0033,,J/2025/0033,1,not_sent,not_sent,
25270,J/2025/0032,,J/2025/0032,1,sent,sent,
25051,C/2025/0011,,C/2025/0011,1,sent,sent,
19672,C/2024/0011,,C/2024/0011,1,sent,sent,
24462,T/2025/0006,,T/2025/0006,1,sent,sent,
24878,C/2025/0008,,C/2025/0008,1,sent_modified,sent_modified,
25180,J/2025/0029,,J/2025/0029,1,sent,sent,
25182,J/2025/0031,,J/2025/0031,1,sent,sent,
25181,J/2025/0030,,J/2025/0030,1,sent,sent,
6673,RT/2022/0001,"Reversión de: T/2022/0006, Anulación factura por errores concepto",,1,sent,sent,
6674,RT/2022/0002,"Reversión de: T/2022/0004, Anulación factura por errores concepto",,1,sent,sent,
25455,RJ/2025/00001,,,1,cancelled_modified,cancelled_modified,
25457,RJ/2025/00001,,,1,sent,sent,
